,sector,property_type,society,price,price_per_sqft,area,areaWithType,bedRoom,bathroom,balcony,floorNum,facing,agePossession,super_built_up_area,built_up_area,carpet_area,servant room,study room,others,pooja room,store room,furnishing_type,luxury_score
9,sector 43,house,independent,7.85,29074.0,2700.01,Plot area 300(250.84 sq.m.),9,9,3+,3.0,West,Relatively new property,,2700.0,,1,1,1,1,0,2,49
10,sector 45,house,independent,8.5,26235.0,3239.95,Plot area 360(301.01 sq.m.),5,4,2,1.0,North-East,Moderately New Property,,3240.0,,1,0,0,1,0,0,49
12,sector 62,flat,pioneer araya,8.35,19513.0,4279.0,Super Built up area 4279(397.53 sq.m.),4,6,3,16.0,East,Relatively new property,4279.0,,,1,0,0,1,0,1,153
13,sector 54,flat,dlf park place,6.75,24963.0,2704.0,Super Built up area 2704(251.21 sq.m.)Carpet area: 1534 sq.ft. (142.51 sq.m.),4,4,2,8.0,North,Moderately New Property,2704.0,,1534.0,1,0,0,0,0,2,135
14,sector 72,flat,tata primanti,6.5,15294.0,4250.0,Super Built up area 4250(394.84 sq.m.),4,4,3+,0.0,East,Relatively new property,4250.0,,,1,1,0,1,0,1,67
15,gwal pahari,flat,.,7.0,11000.0,6364.0,Super Built up area 6000(557.42 sq.m.),4,4,3+,6.0,South-West,Relatively new property,6000.0,,,1,0,0,0,0,1,52
19,sector 25,house,independent,16.0,59259.0,2700.01,Plot area 350(292.64 sq.m.)Built Up area: 325 sq.yards (271.74 sq.m.)Carpet area: 300 sq.yards (250.84 sq.m.),16,16,3+,4.0,West,New Property,,325.0,300.0,1,1,0,1,1,0,72
21,sector 52,house,ardee city,5.5,183333.0,300.0,Plot area 300(27.87 sq.m.),9,9,3+,3.0,South,Moderately New Property,,300.0,,1,0,1,1,0,0,26
23,sector 109,house,international city by sobha phase 2,12.5,26667.0,4687.44,Plot area 500(418.06 sq.m.),5,6,3,3.0,East,Relatively new property,,4500.0,,1,1,0,1,1,1,63
31,sector 43,house,independent,27.5,24366.0,11286.22,Plot area 1254(1048.5 sq.m.),6,7,3+,3.0,North-East,Relatively new property,,11286.0,,1,1,1,1,0,0,42
32,sector 28,flat,suncity platinum towers,6.0,22346.0,2685.0,Carpet area: 2685 (249.44 sq.m.),3,3,2,8.0,South-East,Moderately New Property,,,2685.0,1,0,0,0,0,1,31
33,sector 41,house,independent,11.0,33951.0,3239.96,Plot area 360(301.01 sq.m.),4,4,2,3.0,East,New Property,,3240.0,,1,1,0,1,0,1,35
46,sector 109,house,international city by sobha phase 2,10.0,27778.0,3599.97,Plot area 400(334.45 sq.m.),4,5,3+,2.0,East,New Property,,3600.0,,1,1,1,1,0,0,49
55,sector 49,house,uppal southend,6.75,32328.0,2087.97,Plot area 232(193.98 sq.m.),12,12,3+,3.0,North,Moderately New Property,,2088.0,,1,1,1,1,0,0,49
56,sector 43,house,independent,14.0,39886.0,3510.0,Plot area 390(326.09 sq.m.),9,9,3+,4.0,North,Moderately New Property,,3510.0,,1,0,0,0,0,1,7
59,sector 48,house,vipul tatvam villa,8.2,25309.0,3239.95,Plot area 360(301.01 sq.m.),3,3,2,2.0,North,Moderately New Property,,3240.0,,1,1,0,1,0,2,160
65,sector 50,house,unitech nirvana birch court,7.1,283333.0,250.59,Plot area 240(22.3 sq.m.),3,3,3,1.0,East,Moderately New Property,,240.0,,1,0,0,0,0,1,49
70,sector 66,house,emaar mgf marbella,12.0,38095.0,3150.02,Plot area 350(292.64 sq.m.),5,6,3+,3.0,North-East,Relatively new property,,3150.0,,1,0,0,0,1,0,153
71,sector 50,house,unitech escape,12.0,37037.0,3240.0,Carpet area: 360 (301.01 sq.m.),5,6,3+,3.0,East,Undefined,,,360.0,0,0,0,0,0,1,66
78,sector 65,flat,m3m golfestate,13.2,12000.0,11000.0,Carpet area: 11000 (1021.93 sq.m.),4,4,3,13.0,North,Moderately New Property,,,11000.0,1,0,0,0,0,1,60
93,sector 46,house,independent,5.5,23061.0,2384.98,Plot area 265(221.57 sq.m.),8,8,3+,3.0,Na,Moderately New Property,,2385.0,,0,1,1,0,0,0,32
102,sector 57,house,independent,8.31,24171.0,3438.0,Plot area 382(319.4 sq.m.),5,6,3+,4.0,North-East,Old Property,,3438.0,,1,1,0,1,1,1,34
117,sector 26,house,independent,20.0,44444.0,4500.05,Plot area 500(418.06 sq.m.),5,7,3+,3.0,West,Relatively new property,,4500.0,,1,0,0,1,0,2,97
123,sector 43,flat,dlf the grove,6.0,25000.0,2400.0,Carpet area: 2400 (222.97 sq.m.),4,4,2,1.0,South-West,Under Construction,,,2400.0,1,0,0,0,0,0,49
133,sector 50,house,unitech aspen greens,12.0,37037.0,3240.0,Plot area 360(301.01 sq.m.),3,4,2,1.0,East,Moderately New Property,,3240.0,,1,1,0,0,0,0,101
152,sector 66,house,emaar mgf marbella,8.7,38667.0,2249.98,Plot area 250(209.03 sq.m.)Built Up area: 267 sq.yards (223.25 sq.m.),4,5,2,3.0,East,New Property,,267.0,,1,1,0,0,0,1,144
163,sector 43,house,independent,15.5,28233.0,5490.03,Plot area 610(510.04 sq.m.),5,6,3,3.0,East,Moderately New Property,,5490.0,,1,1,0,1,1,1,76
164,sector 26,house,dlf city plots,18.0,39841.0,4517.96,Plot area 502(419.74 sq.m.),6,6,2,3.0,North,Old Property,,4518.0,,1,0,1,1,0,0,49
175,sector 25,house,dlf city plots phase 2,7.5,31686.0,2366.98,Plot area 215(179.77 sq.m.),9,9,3+,4.0,West,Relatively new property,,2300.5,,1,1,0,1,0,0,160
193,sector 63,flat,dlf the arbour,7.8,19747.0,3950.0,Built Up area: 3950 (366.97 sq.m.),4,4,0,6.0,Na,Undefined,,3950.0,,0,0,0,0,0,1,61
198,sector 54,house,suncity township,25.0,31111.0,8035.74,Plot area 1000(836.13 sq.m.),4,4,3+,2.0,North,Moderately New Property,,1000.0,,1,1,0,1,1,1,0
215,sector 2,house,independent,19.5,27083.0,7200.09,Plot area 800(668.9 sq.m.),8,9,3+,2.0,North,New Property,,7200.0,,1,1,0,1,0,1,122
222,sector 82,house,independent,7.5,23148.0,3240.02,Plot area 360(301.01 sq.m.),5,5,3+,2.0,East,Relatively new property,,3240.0,,1,0,0,1,0,0,135
251,sector 43,flat,dlf royalton tower,6.2,20687.0,2997.0,Super Built up area 2997(278.43 sq.m.),4,4,3+,9.0,Na,Moderately New Property,2997.0,,,1,0,0,0,0,1,7
252,sector 109,house,international city by sobha phase 1,6.3,9000.0,7000.0,Built Up area: 7000 (650.32 sq.m.)Carpet area: 4500 sq.ft. (418.06 sq.m.),4,5,3+,2.0,West,Relatively new property,,7000.0,4500.0,0,0,0,0,0,0,122
262,sector 105,house,independent,9.9,49500.0,2000.0,Built Up area: 2000 (185.81 sq.m.)Carpet area: 1800 sq.ft. (167.23 sq.m.),2,2,2,3.0,North,Undefined,,2000.0,1800.0,0,0,0,0,0,1,0
269,sector 66,house,emaar mgf marbella,8.8,41615.0,2114.62,Built Up area: 267 (223.25 sq.m.),4,4,3+,3.0,South-East,Relatively new property,,267.0,,1,0,0,1,1,1,107
276,sector 26,house,dlf city plots,19.0,42054.0,4518.0,Plot area 502(419.74 sq.m.),6,6,3,2.0,East,Relatively new property,,4518.0,,1,1,0,0,0,0,121
277,sector 2,house,independent,6.0,24691.0,2430.04,Plot area 270(225.75 sq.m.),5,6,3+,3.0,East,Old Property,,2430.0,,0,1,1,1,0,0,43
288,sector 52,house,raj villas,8.0,25543.0,3131.97,Carpet area: 348 (290.97 sq.m.),6,5,3+,4.0,East,Undefined,,,348.0,0,0,0,0,0,1,0
299,sector 25,house,independent,9.0,28490.0,3159.0,Plot area 351(293.48 sq.m.),10,10,3,3.0,East,Old Property,,3159.0,,0,0,0,1,0,0,64
304,sector 57,house,independent,7.25,26852.0,2699.99,Plot area 300(250.84 sq.m.),9,9,3+,2.0,North-East,New Property,,2700.0,,1,0,1,1,0,0,49
307,sector 48,house,vipul tatvam villa,7.69,24069.0,3194.98,Plot area 355(296.83 sq.m.),4,5,3,2.0,North-West,Moderately New Property,,3195.0,,1,1,0,1,1,0,110
325,sector 25,house,independent,10.0,37037.0,2700.0,Plot area 2700(250.84 sq.m.)Built Up area: 9500 sq.ft. (882.58 sq.m.)Carpet area: 9000 sq.ft. (836.13 sq.m.),5,5,3+,3.0,East,Moderately New Property,,9500.0,9000.0,1,0,0,1,0,2,29
327,sector 50,house,unitech espace,10.45,32253.0,3240.01,Plot area 360(301.01 sq.m.),5,7,3+,3.0,Na,Moderately New Property,,3240.0,,1,1,1,1,0,0,153
329,sector 65,flat,m3m golfestate,5.9,17543.0,3363.0,Super Built up area 3363(312.43 sq.m.),3,3,3,9.0,Na,Moderately New Property,3363.0,,,0,1,0,0,0,2,21
330,sector 112,flat,experion windchants,5.6,11551.0,4848.0,Super Built up area 4848(450.39 sq.m.)Built Up area: 3655.35 sq.ft. (339.59 sq.m.),4,6,3+,8.0,North-East,Relatively new property,4848.0,3655.35,,1,0,0,0,0,0,168
335,sector 45,house,independent,10.0,30864.0,3240.02,Plot area 360(301.01 sq.m.),6,6,3+,4.0,North-East,Moderately New Property,,3240.0,,1,1,0,1,1,0,70
342,sector 45,house,independent,7.35,29697.0,2475.0,Plot area 275(229.94 sq.m.),6,4,3+,3.0,North-East,Old Property,,2475.0,,1,1,0,1,1,0,61
347,sector 109,house,international city by sobha phase 2,7.0,11240.0,6227.76,Plot area 692(578.6 sq.m.),5,5,3+,2.0,South,Relatively new property,,6228.0,,1,0,0,0,0,1,129
355,sector 25,house,nul,9.5,33404.0,2843.97,Plot area 316(264.22 sq.m.),9,9,3+,3.0,North-West,Old Property,,2844.0,,0,0,1,0,0,1,81
356,sector 2,house,ansals palam vihar,9.0,19231.0,4679.94,Plot area 520(434.79 sq.m.),5,5,2,2.0,North,Old Property,,4680.0,,1,1,0,1,1,2,110
357,sector 25,house,dlf city plots phase 2,15.5,34307.0,4518.03,Plot area 502(419.74 sq.m.),5,6,3+,3.0,East,Moderately New Property,,4518.0,,1,1,0,1,1,1,144
363,sector 65,flat,m3m golfestate,6.15,15998.0,3844.0,Carpet area: 3844 (357.12 sq.m.),3,5,3+,1.0,West,Relatively new property,,,3844.0,1,0,0,0,0,2,49
368,sector 82,house,vatika india next,6.5,20062.0,3239.96,Built Up area: 360 (301.01 sq.m.)Carpet area: 300 sq.yards (250.84 sq.m.),4,3,0,2.0,Na,Undefined,,360.0,300.0,0,0,0,0,0,1,0
373,sector 26,house,independent,18.4,1859.0,98977.95,Plot area 502(419.74 sq.m.)Carpet area: 11000 sq.yards (9197.4 sq.m.),6,8,3+,4.0,South,Relatively new property,,,11000.0,1,0,0,1,1,0,60
381,sector 43,house,independent,8.25,30556.0,2699.96,Plot area 300(250.84 sq.m.),5,6,3+,3.0,West,Moderately New Property,,2700.0,,1,1,0,1,1,0,64
410,sector 33,house,unitech uniworld resorts,8.0,17778.0,4499.94,Built Up area: 500 (418.06 sq.m.),6,5,3+,4.0,Na,Undefined,,500.0,,0,0,0,0,0,1,0
415,sector 24,flat,ambience caitriona,14.0,200000.0,700.0,Built Up area: 700 (65.03 sq.m.),4,5,3,3.0,East,Undefined,,700.0,,0,0,0,0,0,1,0
417,sector 108,house,sobha city,10.5,14323.0,7330.87,Built Up area: 7331 (681.07 sq.m.),5,4,3+,1.0,East,Undefined,,7331.0,,0,0,0,0,0,1,59
431,sector 28,house,dlf city plots phase 4,9.54,29444.0,3240.05,Plot area 360(301.01 sq.m.),6,5,3+,3.0,North,New Property,,3240.0,,1,1,0,1,1,1,153
450,sector 26,house,independent,26.0,82540.0,3149.99,Plot area 402(336.12 sq.m.)Built Up area: 400 sq.yards (334.45 sq.m.)Carpet area: 350 sq.yards (292.64 sq.m.),16,16,3+,4.0,North-West,New Property,,400.0,350.0,1,1,0,1,1,0,72
451,sector 43,house,independent,6.5,35400.0,1836.16,Plot area 215(179.77 sq.m.)Built Up area: 215 sq.yards (179.77 sq.m.),5,4,3+,3.0,South-East,Moderately New Property,,215.0,,1,0,0,1,0,0,54
459,sector 25,house,independent,16.0,26667.0,5999.93,Built Up area: 6000 (557.42 sq.m.),6,5,2,3.0,East,Relatively new property,,6000.0,,0,0,0,0,0,1,0
461,sector 63,house,dlf the arbour,8.5,21519.0,3950.0,Built Up area: 3950 (366.97 sq.m.),4,4,3+,27.0,Na,Undefined,,3950.0,,0,0,0,0,0,1,61
473,sector 56,house,independent,7.5,23148.0,3240.02,Plot area 360(301.01 sq.m.),8,8,3+,3.0,North-East,Relatively new property,,3240.0,,1,1,0,1,0,2,42
478,sector 28,house,housing board colony,5.5,30556.0,1799.97,Plot area 200(167.23 sq.m.),4,3,3,2.0,North,Old Property,,1800.0,,0,0,1,1,0,0,22
487,sector 12,house,independent,6.0,315789.0,190.0,Plot area 190(17.65 sq.m.)Carpet area: 1600 sq.ft. (148.64 sq.m.),9,6,2,2.0,North-East,Old Property,,,1600.0,0,0,0,0,0,1,0
492,sector 62,flat,pioneer urban presidia,7.15,16486.0,4337.0,Super Built up area 4337(402.92 sq.m.),4,5,3+,7.0,East,Relatively new property,4337.0,,,1,1,0,0,1,0,158
499,sector 72,flat,tata primanti,6.75,19285.0,3500.0,Super Built up area 4250(394.84 sq.m.)Built Up area: 4000 sq.ft. (371.61 sq.m.)Carpet area: 3500 sq.ft. (325.16 sq.m.),4,4,3+,0.0,North-East,New Property,4250.0,4000.0,3500.0,1,0,0,0,0,0,174
501,sector 40,house,independent house sector 45,9.0,38022.0,2367.05,Plot area 2367(219.9 sq.m.)Built Up area: 9000 sq.ft. (836.13 sq.m.)Carpet area: 6000 sq.ft. (557.42 sq.m.),12,12,3,4.0,North-West,New Property,,9000.0,6000.0,1,0,0,0,0,0,71
508,sector 67,house,ansal api esencia,5.46,24170.0,2259.0,Plot area 251(209.87 sq.m.),4,5,3+,2.0,East,Relatively new property,,2259.0,,0,1,0,1,1,0,103
512,sector 53,flat,tulip monsella,8.25,28000.0,2946.0,Super Built up area 2940(273.13 sq.m.),3,4,3,8.0,Na,Under Construction,2940.0,,,1,0,0,0,0,2,35
522,sector 66,house,emaar mgf marbella,9.01,16066.0,5608.12,Plot area 521,4,4,3+,3.0,North-East,Relatively new property,,5574.7,,1,0,0,0,1,1,122
524,sector 28,house,independent,11.25,34722.0,3240.02,Plot area 360(301.01 sq.m.),9,9,3+,2.0,North,Moderately New Property,,3240.0,,1,0,0,1,1,0,126
537,sector 43,house,independent,9.5,42222.0,2250.01,Plot area 302(252.51 sq.m.)Built Up area: 300 sq.yards (250.84 sq.m.)Carpet area: 250 sq.yards (209.03 sq.m.),5,5,3+,2.0,North-East,Relatively new property,,300.0,250.0,1,0,0,1,0,0,88
538,sector 50,house,unitech espace,11.5,35494.0,3239.98,Built Up area: 3240 (301.01 sq.m.),5,6,0,1.0,North-West,Undefined,,3240.0,,0,0,0,0,0,1,0
570,sector 43,house,independent,5.5,2716.0,20250.37,Plot area 215(179.77 sq.m.)Built Up area: 2850 sq.yards (2382.96 sq.m.)Carpet area: 2250 sq.yards (1881.29 sq.m.),8,7,3+,3.0,East,Moderately New Property,,2850.0,2250.0,1,1,1,1,0,0,123
582,sector 26,house,independent,17.0,37627.0,4518.03,Plot area 502(419.74 sq.m.),5,5,3+,2.0,North-East,Relatively new property,,4518.0,,1,1,0,1,1,0,124
593,sector 26,house,independent,6.75,27778.0,2429.98,Plot area 270(225.75 sq.m.),3,3,3,2.0,North-East,Moderately New Property,,2430.0,,0,0,0,0,0,1,27
620,sector 72,house,tata primanti,8.5,13492.0,6300.03,Plot area 6300(585.29 sq.m.),5,6,3+,10.0,East,Relatively new property,,6300.0,,1,1,0,1,1,0,145
626,sector 25,house,independent,10.0,37037.0,2700.0,Plot area 300(250.84 sq.m.),5,6,3,3.0,North,Old Property,,2700.0,,1,0,0,0,1,0,64
636,gwal pahari,flat,krrish provence estate,5.5,9482.0,5800.0,Super Built up area 5800(538.84 sq.m.),4,5,3+,11.0,East,New Property,5800.0,,,1,1,0,1,0,1,151
640,sector 49,house,ss aaron ville,6.75,15000.0,4500.0,Built Up area: 4500 (418.06 sq.m.),5,4,2,2.0,North,New Property,,4500.0,,0,0,1,0,0,1,49
652,sector 48,flat,central park resorts,9.3,24926.0,3731.0,Super Built up area 3931(365.2 sq.m.)Built Up area: 3831 sq.ft. (355.91 sq.m.)Carpet area: 3731 sq.ft. (346.62 sq.m.),4,4,3+,10.0,North-East,Moderately New Property,3931.0,3831.0,3731.0,1,1,0,1,1,0,67
653,sector 50,house,independent,7.0,32407.0,2160.03,Built Up area: 240 (200.67 sq.m.),3,2,0,1.0,Na,Undefined,,240.0,,0,0,0,0,0,1,0
654,sector 50,house,unitech espace,7.35,41762.0,1759.97,Plot area 240(200.67 sq.m.),4,4,3+,3.0,South,Moderately New Property,,240.0,,1,0,0,1,0,0,52
660,sector 50,flat,ss hibiscus,6.0,12272.0,4889.0,Super Built up area 4400(408.77 sq.m.),4,3,3,5.0,South-East,Moderately New Property,4400.0,,,1,0,0,0,0,1,31
668,sector 50,house,ss hibiscus,12.25,20940.0,5850.05,Plot area 5850(543.48 sq.m.),5,7,3+,1.0,South-East,Relatively new property,,5850.0,,1,1,1,1,0,0,160
670,sector 109,house,international city by sobha phase 1,5.5,21605.0,2545.71,Plot area 270(225.75 sq.m.),4,4,3+,2.0,North-East,New Property,,2430.0,,1,0,0,0,0,1,61
682,sector 25,house,independent,9.9,29333.0,3375.04,Plot area 375(313.55 sq.m.),5,5,2,2.0,South-East,Moderately New Property,,3375.0,,0,0,0,1,0,0,106
683,sector 65,flat,m3m golfestate,6.15,18287.0,3363.0,Super Built up area 3363(312.43 sq.m.)Carpet area: 2710 sq.ft. (251.77 sq.m.),3,3,3,23.0,Na,Moderately New Property,3363.0,,2710.0,1,1,0,0,0,0,60
687,sector 43,house,ansal sushant lok plots,5.8,29974.0,1935.01,Plot area 215(179.77 sq.m.),6,6,3,2.0,South-West,Relatively new property,,1935.0,,1,0,1,0,0,0,49
730,sector 55,house,independent,9.19,34037.0,2700.0,Plot area 300(250.84 sq.m.),16,18,2,4.0,West,New Property,,2700.0,,1,0,0,1,0,0,49
736,sector 65,flat,m3m golfestate,5.5,16959.0,3243.0,Super Built up area 3243(301.28 sq.m.)Built Up area: 2803 sq.ft. (260.41 sq.m.)Carpet area: 2388 sq.ft. (221.85 sq.m.),3,4,3,3.0,North-East,Relatively new property,3243.0,2803.0,2388.0,1,0,0,0,0,1,49
745,sector 26,house,dlf city phase 1,9.25,47803.0,1935.02,Plot area 1935(179.77 sq.m.)Built Up area: 7000 sq.ft. (650.32 sq.m.),12,12,3+,4.0,North-East,New Property,,7000.0,,1,0,0,1,0,0,43
749,sector 109,house,international city by sobha phase 1,5.85,26423.0,2213.98,Plot area 246(205.69 sq.m.),4,5,3+,2.0,East,Relatively new property,,2214.0,,1,0,0,0,0,0,85
756,sector 26,house,dlf city phase 1,5.5,30556.0,1799.97,Plot area 200(167.23 sq.m.),4,4,3,2.0,North-East,Moderately New Property,,1800.0,,1,1,0,1,0,1,69
777,sector 49,house,ss aaron ville,6.75,19737.0,3419.97,Plot area 380(317.73 sq.m.),5,4,2,2.0,North,Old Property,,3420.0,,1,1,0,0,1,1,78
786,sector 66,house,emaar mgf marbella,12.0,37037.0,3240.0,Plot area 360(301.01 sq.m.),5,5,3+,3.0,East,New Property,,3240.0,,1,0,0,1,1,0,106
792,sector 43,house,ansal sushant lok plots,7.0,25926.0,2699.99,Plot area 300(250.84 sq.m.),5,5,3+,3.0,North-East,Relatively new property,,2700.0,,1,1,0,1,0,0,41
819,sector 28,house,nul,12.5,51440.0,2430.02,Plot area 270(225.75 sq.m.),16,17,3+,4.0,South,Relatively new property,,2430.0,,1,1,1,1,0,2,137
831,sector 50,flat,the penthouses at the hibiscus,8.5,8500.0,10000.0,Carpet area: 10000 (929.03 sq.m.),4,4,3,9.0,South-East,Moderately New Property,,,10000.0,1,0,0,0,0,1,35
832,sector 33,house,unitech uniworld resorts,8.0,11428.0,7000.35,Plot area 7000(650.32 sq.m.),4,4,3+,2.0,West,Old Property,,7000.0,,1,1,0,1,1,1,77
836,sector 57,flat,bptp freedom park life,5.5,8982.0,6123.0,Built Up area: 5010 (465.44 sq.m.),5,6,3+,19.0,East,Moderately New Property,,5010.0,,1,0,0,1,0,0,153
840,sector 50,house,ss hibiscus,12.5,40850.0,3059.98,Plot area 470(392.98 sq.m.)Built Up area: 410 sq.yards (342.81 sq.m.)Carpet area: 340 sq.yards (284.28 sq.m.),4,4,3+,2.0,West,Relatively new property,,410.0,340.0,1,1,0,0,0,2,160
858,sector 40,house,independent,9.5,40135.0,2367.01,Plot area 263(219.9 sq.m.),12,12,3+,4.0,Na,New Property,,2367.0,,0,0,0,0,1,0,57
860,sector 66,house,emaar mgf marbella,9.0,21251.0,4235.09,Plot area 5605(520.72 sq.m.)Built Up area: 5200 sq.ft. (483.1 sq.m.)Carpet area: 4235 sq.ft. (393.44 sq.m.),4,4,3+,,South-West,Relatively new property,,5200.0,4235.0,1,0,0,1,1,0,114
868,sector 50,house,unitech aspen greens,6.8,31481.0,2160.03,Plot area 240(200.67 sq.m.)Built Up area: 220 sq.yards (183.95 sq.m.)Carpet area: 200 sq.yards (167.23 sq.m.),4,5,3,3.0,West,Old Property,,220.0,200.0,1,1,0,0,0,0,111
869,sector 43,house,independent,7.5,38760.0,1934.98,Plot area 215(179.77 sq.m.),12,12,3+,4.0,East,New Property,,1935.0,,1,1,0,1,1,0,72
892,sector 43,house,independent,8.49,31444.0,2700.04,Plot area 300(250.84 sq.m.),3,3,2,4.0,North,Relatively new property,,2700.0,,1,0,0,1,0,0,21
896,sector 25,house,dlf city plots phase 2,6.5,33592.0,1934.98,Plot area 215(179.77 sq.m.),9,9,3+,3.0,West,Old Property,,1935.0,,1,1,0,1,1,0,142
904,sector 54,flat,dlf the grove,5.7,41245.0,1382.0,Built Up area: 1382 (128.39 sq.m.),3,3,3,1.0,East,Undefined,,1382.0,,0,0,0,0,0,1,46
905,sector 25,house,independent,13.5,37313.0,3618.04,Plot area 402(336.12 sq.m.),5,6,3+,4.0,North-East,Old Property,,3618.0,,0,0,1,0,0,0,79
910,sector 43,house,ansal sushant lok plots,11.5,17692.0,6500.11,Plot area 3762(349.5 sq.m.)Built Up area: 9000 sq.ft. (836.13 sq.m.)Carpet area: 6500 sq.ft. (603.87 sq.m.),7,8,3+,3.0,Na,Old Property,,9000.0,6500.0,1,0,0,1,1,0,31
914,sector 62,flat,pioneer araya,9.95,20995.0,4739.0,Super Built up area 4739(440.27 sq.m.)Carpet area: 3219 sq.ft. (299.05 sq.m.),4,6,3,12.0,South-East,Relatively new property,4739.0,,3219.0,1,0,0,1,0,0,138
925,sector 54,flat,la lagune,6.75,21360.0,3160.0,Super Built up area 3160(293.57 sq.m.)Built Up area: 2455 sq.ft. (228.08 sq.m.)Carpet area: 2240 sq.ft. (208.1 sq.m.),4,6,3+,11.0,East,Moderately New Property,3160.0,2455.0,2240.0,1,0,0,0,0,0,119
928,sector 17b,house,independent,7.2,15926.0,4520.91,Plot area 420,4,4,2,1.0,Na,Old Property,,4494.0,,1,0,0,0,1,1,0
930,sector 48,flat,central park resorts,15.0,22388.0,6700.0,Carpet area: 6700 (622.45 sq.m.),5,6,3+,17.0,Na,Relatively new property,,,6700.0,1,1,0,1,0,2,45
933,sector 17b,house,kothi,6.95,15444.0,4500.13,Plot area 500(418.06 sq.m.)Built Up area: 3500 sq.yards (2926.45 sq.m.),4,4,3+,2.0,Na,Old Property,,3500.0,,1,1,0,1,1,1,33
936,sector 24,house,independent,10.0,229885.0,435.0,Carpet area: 435 (40.41 sq.m.),8,10,3+,1.0,West,Undefined,,,435.0,0,0,0,0,0,1,0
939,sector 109,house,international city by sobha phase 2,5.65,10463.0,5399.98,Plot area 600(501.68 sq.m.),4,4,3+,2.0,North-East,New Property,,5400.0,,1,0,1,0,0,0,44
944,sector 47,house,malibu towne,8.81,27191.0,3240.04,Plot area 360(301.01 sq.m.),8,6,3+,3.0,East,Moderately New Property,,3240.0,,1,1,1,0,0,0,27
949,sector 31,house,independent,9.25,39530.0,2339.99,Plot area 265(221.57 sq.m.)Built Up area: 262 sq.yards (219.07 sq.m.)Carpet area: 260 sq.yards (217.39 sq.m.),12,12,3+,4.0,North-East,New Property,,262.0,260.0,1,0,1,1,0,2,49
958,sector 67,house,ireo victory valley,8.0,22222.0,3600.04,Plot area 400(334.45 sq.m.),6,7,3+,51.0,North-East,Moderately New Property,,3600.0,,1,1,0,1,0,0,49
959,sector 41,house,unitech palms south city 1,9.35,28858.0,3240.0,Plot area 3240(301.01 sq.m.)Built Up area: 7500 sq.ft. (696.77 sq.m.)Carpet area: 6000 sq.ft. (557.42 sq.m.),10,10,3+,4.0,North-East,Moderately New Property,,7500.0,6000.0,1,1,0,0,0,0,70
968,sector 53,flat,parsvnath exotica,6.5,19174.0,3390.0,Super Built up area 3390(314.94 sq.m.)Built Up area: 3000 sq.ft. (278.71 sq.m.)Carpet area: 2500 sq.ft. (232.26 sq.m.),4,5,3+,10.0,South,Relatively new property,3390.0,3000.0,2500.0,1,1,0,1,0,0,174
976,sector 31,flat,raheja atlantis,5.5,18688.0,2943.0,Super Built up area 2943(273.41 sq.m.),4,5,3+,1.0,North,Relatively new property,2943.0,,,1,1,0,1,0,1,81
978,sector 109,house,international city by sobha phase 1,6.1,25103.0,2429.99,Plot area 270(225.75 sq.m.),5,6,3+,2.0,Na,Moderately New Property,,2430.0,,1,0,0,0,0,1,30
981,sector 26,house,independent,10.5,43210.0,2429.99,Plot area 302(252.51 sq.m.)Built Up area: 300 sq.yards (250.84 sq.m.)Carpet area: 270 sq.yards (225.75 sq.m.),12,12,3+,4.0,North-East,Relatively new property,,300.0,270.0,1,0,0,1,0,0,72
992,sector 26,house,dlf city plots,20.0,44265.0,4518.24,Plot area 502(419.74 sq.m.),16,20,3+,4.0,North-East,New Property,,4518.0,,1,1,0,1,1,0,153
996,sector 109,house,international city by sobha phase 1,6.0,9634.0,6227.94,Plot area 692(578.6 sq.m.),4,5,3,2.0,North-East,Moderately New Property,,6228.0,,0,0,0,0,0,1,76
1000,sector 33,house,unitech uniworld resorts,11.5,24573.0,4679.93,Plot area 520(434.79 sq.m.),5,6,3+,4.0,East,Relatively new property,,4680.0,,1,0,0,0,0,1,84
1005,sector 112,house,experion windchants,7.99,12519.0,6382.3,Built Up area: 6382 (592.91 sq.m.),4,6,3,2.0,South-East,New Property,,6382.0,,1,0,0,1,1,0,129
1011,sector 25,flat,dlf beverly park,8.0,15384.0,5200.0,Carpet area: 5200 (483.1 sq.m.),5,5,3+,2.0,North-East,Old Property,,,5200.0,1,1,1,1,0,2,26
1018,sector 48,house,vipul tatvam villa,8.25,38194.0,2160.03,Plot area 350(292.64 sq.m.)Built Up area: 300 sq.yards (250.84 sq.m.)Carpet area: 240 sq.yards (200.67 sq.m.),4,4,3+,3.0,North-East,Relatively new property,,300.0,240.0,1,0,0,0,1,0,160
1024,sector 53,flat,vipul belmonte,6.5,21922.0,2965.0,Super Built up area 2965(275.46 sq.m.),3,4,3+,0.0,Na,Old Property,2965.0,,,0,1,1,0,0,1,72
1038,sector 112,house,experion windchants,7.46,10260.0,7270.96,Built Up area: 6350 (589.93 sq.m.),4,4,3+,2.0,East,Relatively new property,,6350.0,,1,0,0,1,0,0,62
1068,sector 48,house,independent,5.5,23504.0,2340.03,Plot area 260(217.39 sq.m.),4,4,2,2.0,North,Relatively new property,,2340.0,,1,0,0,0,0,0,22
1080,sector 2,house,independent,6.0,20000.0,3000.0,Built Up area: 333 (278.43 sq.m.),4,4,1,2.0,Na,Relatively new property,,333.0,,0,0,0,0,0,1,0
1094,sector 109,house,international city by sobha phase 1,6.75,10838.0,6228.09,Plot area 692(578.6 sq.m.),4,4,3+,2.0,North-East,New Property,,6228.0,,1,0,0,1,0,1,130
1130,sector 109,house,international city by sobha phase 1,5.9,24280.0,2429.98,Plot area 270(225.75 sq.m.),4,5,2,2.0,East,Relatively new property,,2430.0,,1,0,0,0,0,0,111
1142,sector 48,house,vipul tatvam villa,8.5,26235.0,3239.95,Plot area 360(301.01 sq.m.),4,6,3,3.0,North,Old Property,,3240.0,,1,0,1,1,0,1,49
1145,sector 26,house,independent,8.49,47167.0,1799.99,Plot area 200(167.23 sq.m.),12,12,3+,4.0,North,Relatively new property,,1800.0,,1,0,0,1,0,0,42
1149,sector 28,house,independent,8.4,34568.0,2429.99,Plot area 270(225.75 sq.m.),4,4,3+,2.0,North-East,Relatively new property,,2430.0,,1,0,0,1,1,0,139
1153,sector 26,house,dlf city plots,17.3,38734.0,4466.36,Plot area 502(419.74 sq.m.),6,7,3+,3.0,North,New Property,,4518.0,,1,1,0,1,1,0,124
1157,sector 7,house,independent,6.5,15046.0,4320.09,Plot area 480(401.34 sq.m.),3,2,3+,,Na,Old Property,,4320.0,,0,0,0,0,0,1,9
1189,sector 48,house,vipul tatvam villa,7.35,22812.0,3221.99,Plot area 358(299.33 sq.m.),4,5,2,2.0,South,Moderately New Property,,3222.0,,1,1,0,1,1,0,144
1190,sector 25,house,floor wise designer kothi,13.0,48148.0,2700.01,Plot area 300(250.84 sq.m.),12,16,3+,4.0,North-East,New Property,,2700.0,,1,1,0,1,1,0,144
1198,sector 26,house,luxury dlf city floors,8.25,45833.0,1800.01,Plot area 200(167.23 sq.m.),12,12,3+,4.0,North,New Property,,1800.0,,1,0,0,0,0,0,105
1227,sector 48,flat,central park resorts,11.25,28266.0,3980.0,Carpet area: 3980 (369.75 sq.m.),4,5,3+,2.0,North-West,Relatively new property,,,3980.0,1,0,0,1,0,1,45
1240,sector 43,house,independent,5.75,23662.0,2430.06,Plot area 270(225.75 sq.m.)Built Up area: 260 sq.yards (217.39 sq.m.)Carpet area: 220 sq.yards (183.95 sq.m.),4,4,2,4.0,North,Under Construction,,260.0,220.0,1,0,0,0,1,2,153
1271,sector 50,house,unitech espace,7.42,34351.0,2160.05,Plot area 2160(200.67 sq.m.)Built Up area: 3200 sq.ft. (297.29 sq.m.),4,4,3,2.0,West,Old Property,,3200.0,,0,0,0,0,0,0,88
1295,sector 56,house,independent,12.39,45889.0,2699.99,Plot area 300(250.84 sq.m.),16,18,3+,4.0,North-East,New Property,,2700.0,,1,0,0,1,0,0,49
1302,sector 41,house,unitech palms south city 1,9.25,28549.0,3240.04,Plot area 3240(301.01 sq.m.)Built Up area: 5000 sq.ft. (464.52 sq.m.)Carpet area: 4500 sq.ft. (418.06 sq.m.),9,9,3+,4.0,North,Moderately New Property,,5000.0,4500.0,1,1,0,1,1,0,65
1306,sector 59,flat,mahindra luminare,5.8,19173.0,3025.0,Carpet area: 3025 (281.03 sq.m.),3,4,3,16.0,North-East,New Property,,,3025.0,1,0,0,0,0,0,49
1308,sector 65,flat,m3m golfestate,6.1,18138.0,3363.0,Super Built up area 3363(312.43 sq.m.)Carpet area: 2710 sq.ft. (251.77 sq.m.),3,3,3,19.0,North-East,Moderately New Property,3363.0,,2710.0,1,1,0,0,0,0,174
1315,sector 24,house,independent,11.0,28898.0,3806.49,Plot area 3806.45(353.63 sq.m.)Built Up area: 5000 sq.ft. (464.52 sq.m.),8,11,3+,3.0,East,Old Property,,5000.0,,1,1,1,1,0,0,39
1322,sector 26,house,independent,23.0,25556.0,8999.84,Plot area 1000(836.13 sq.m.),4,4,3+,2.0,South-West,Relatively new property,,9000.0,,1,1,0,1,1,0,145
1323,sector 43,flat,beverley park 1,8.44,16230.0,5200.0,Super Built up area 5200(483.1 sq.m.)Built Up area: 5000 sq.ft. (464.52 sq.m.)Carpet area: 4900 sq.ft. (455.22 sq.m.),4,5,3,9.0,North-East,Moderately New Property,5200.0,5000.0,4900.0,1,0,0,0,0,2,117
1333,sector 54,house,emaar the palm springs,24.0,600000.0,400.0,Plot area 400(37.16 sq.m.),5,5,2,1.0,North-East,Old Property,,400.0,,1,1,0,1,0,0,122
1341,sector 26,house,dlf city plots,13.5,29880.0,4518.07,Plot area 502(419.74 sq.m.),5,5,3,2.0,East,Old Property,,4518.0,,1,1,0,1,1,0,110
1349,sector 53,flat,tulip monsella,7.4,33198.0,2229.0,Carpet area: 2229 (207.08 sq.m.),4,4,3,21.0,Na,Under Construction,,,2229.0,0,0,0,0,0,1,35
1360,sohna road road,house,independent,5.5,5093.0,10799.14,Plot area 1200(1003.35 sq.m.)Built Up area: 3500 sq.yards (2926.45 sq.m.),3,3,3+,2.0,West,Moderately New Property,,3500.0,,1,1,1,1,0,1,49
1376,sector 15,house,sector 15 part 2 rwa,10.0,22222.0,4500.05,Plot area 502(419.74 sq.m.),5,5,2,2.0,East,Old Property,,4518.0,,0,0,0,0,0,1,49
1379,sector 60,house,adani brahma samsara,18.02,28200.0,6390.07,Built Up area: 6390 (593.65 sq.m.),9,12,3+,3.0,North-East,Relatively new property,,6390.0,,1,0,0,0,0,0,146
1383,sector 28,house,dlf city plot phase 4,13.0,1992.0,65261.04,Carpet area: 7250 (6061.92 sq.m.),10,10,3+,1.0,Na,Undefined,,,7250.0,0,0,0,0,0,1,0
1404,sector 25,house,independent,9.0,33333.0,2700.03,Plot area 300(250.84 sq.m.),5,5,3,3.0,North,Old Property,,2700.0,,1,1,0,1,1,1,56
1430,sector 17,house,independent,9.5,23457.0,4049.96,Plot area 502(419.74 sq.m.)Built Up area: 500 sq.yards (418.06 sq.m.)Carpet area: 450 sq.yards (376.26 sq.m.),8,8,3,3.0,West,Relatively new property,,500.0,450.0,0,1,0,0,0,0,27
1431,sector 109,house,international city by sobha phase 2,7.0,12963.0,5399.98,Plot area 600(501.68 sq.m.),4,4,3+,2.0,West,Relatively new property,,5400.0,,0,0,0,0,0,0,102
1437,sector 25,house,dlf city plots phase 2,10.5,261194.0,402.0,Plot area 402(37.35 sq.m.),4,4,2,2.0,East,Old Property,,402.0,,1,0,0,1,0,0,91
1438,sector 56,house,independent,11.5,42032.0,2736.01,Plot area 304(254.18 sq.m.),12,13,3+,4.0,West,Relatively new property,,2736.0,,1,1,0,1,0,0,49
1451,sector 56,house,independent,7.25,29336.0,2471.37,Plot area 303(253.35 sq.m.),8,8,3+,0.0,North-East,Moderately New Property,,303.0,,0,0,0,0,0,0,24
1458,sector 48,house,vipul tatvam villa,18.5,26428.0,7000.15,Plot area 7000(650.32 sq.m.),4,4,1,1.0,Na,Moderately New Property,,7000.0,,0,0,0,0,0,1,30
1461,sector 46,house,independent,6.5,27461.0,2366.99,Plot area 263(219.9 sq.m.),12,12,3+,4.0,North-West,Relatively new property,,2367.0,,0,1,0,1,0,0,32
1488,sector 25,house,dlf city plots phase 2,6.3,35000.0,1800.0,Plot area 200(167.23 sq.m.),4,4,3+,2.0,East,Old Property,,1800.0,,1,0,0,0,1,1,89
1493,sector 50,house,unitech south city,5.88,27222.0,2160.02,Plot area 240(200.67 sq.m.),9,9,3+,3.0,East,Relatively new property,,2160.0,,1,1,1,1,0,2,128
1501,sector 26,house,independent,18.0,39841.0,4517.96,Plot area 502(419.74 sq.m.),5,4,3+,4.0,North,Moderately New Property,,4518.0,,1,1,0,1,1,0,113
1509,sector 48,house,eldeco mansionz,6.4,23704.0,2699.97,Plot area 365(305.19 sq.m.)Built Up area: 366 sq.yards (306.02 sq.m.),4,4,3,3.0,West,Moderately New Property,,366.0,,1,0,0,0,1,0,151
1526,sector 48,house,vipul tatvam villa,5.5,21219.0,2592.02,Plot area 288(240.8 sq.m.),3,6,2,2.0,North,Moderately New Property,,2592.0,,1,0,1,0,0,0,106
1537,sector 14,house,independent,7.5,16600.0,4518.07,Plot area 502(419.74 sq.m.),3,3,2,1.0,West,Old Property,,4518.0,,1,1,0,1,0,0,27
1538,sector 26,house,dlf city plots,26.0,57206.0,4544.98,Plot area 505(422.24 sq.m.),6,7,3+,2.0,North-East,New Property,,4545.0,,1,1,1,1,0,0,138
1548,sector 50,house,independent,10.55,32562.0,3239.97,Plot area 360(301.01 sq.m.),5,5,3,2.0,Na,Moderately New Property,,3240.0,,1,1,0,0,0,1,42
1554,sector 23,house,independent,5.5,13095.0,4200.08,Plot area 4200(390.19 sq.m.),9,9,3+,3.0,South,Moderately New Property,,4200.0,,1,0,1,0,0,0,0
1563,sector 38,house,independent,8.0,230547.0,347.0,Built Up area: 347 (32.24 sq.m.)Carpet area: 215 sq.ft. (19.97 sq.m.),10,10,3+,1.0,North,Undefined,,347.0,215.0,0,0,0,0,0,1,0
1574,sector 33,house,unitech uniworld resorts,8.5,17820.0,4769.92,Plot area 530(443.15 sq.m.),5,5,3+,3.0,North,New Property,,4770.0,,1,1,0,1,1,0,145
1584,sector 50,house,nirvana cedar crest,7.1,32870.0,2160.02,Plot area 240(200.67 sq.m.)Built Up area: 239 sq.yards (199.83 sq.m.)Carpet area: 238 sq.yards (199 sq.m.),5,4,3,2.0,East,Moderately New Property,,239.0,238.0,0,1,0,1,1,0,110
1588,sector 72,house,tata primanti,8.6,12285.0,7000.41,Built Up area: 7000 (650.32 sq.m.),4,5,3+,3.0,Na,Relatively new property,,7000.0,,0,0,0,0,0,0,30
1595,sector 24,flat,dlf city plots phase 3,6.5,18571.0,3500.0,Carpet area: 3500 (325.16 sq.m.),4,5,3+,3.0,North-East,New Property,,,3500.0,1,0,0,0,0,2,42
1610,sector 50,flat,the penthouses at the hibiscus,8.0,8888.0,9001.0,Carpet area: 9000 (836.13 sq.m.),4,3,3,7.0,South-East,Moderately New Property,,,9000.0,1,0,0,0,0,1,35
1632,sector 106,house,godrej meridien,5.6,14000.0,4000.0,Plot area 4000(371.61 sq.m.),5,4,3+,33.0,North-East,New Property,,4000.0,,1,1,0,1,1,1,151
1635,sector 39,house,independent,15.0,33333.0,4500.05,Plot area 500(418.06 sq.m.),5,5,3+,4.0,Na,Moderately New Property,,4500.0,,1,0,0,0,0,0,27
1637,sector 43,house,independent,9.85,29638.0,3323.44,Plot area 418(349.5 sq.m.),5,5,2,3.0,West,Old Property,,418.0,,1,1,0,1,0,1,21
1638,sector 33,house,unitech uniworld resorts,11.75,23240.0,5055.94,Plot area 502(419.74 sq.m.),5,7,3+,3.0,East,Relatively new property,,502.0,,1,0,0,0,0,1,80
1648,sector 50,house,unitech deerwood chase,15.0,33333.0,4500.05,Plot area 500(418.06 sq.m.),4,4,2,2.0,West,Moderately New Property,,4500.0,,1,0,0,0,0,1,160
1658,sector 112,house,experion windchants,9.5,23457.0,4049.96,Plot area 450(376.26 sq.m.)Built Up area: 7450 sq.yards (6229.15 sq.m.),5,5,3,2.0,Na,Relatively new property,,7450.0,,1,0,0,0,0,1,45
1662,sector 48,house,vipul tatvam villa,7.65,19125.0,4000.0,Built Up area: 4000 (371.61 sq.m.),4,4,3,2.0,North-East,Moderately New Property,,4000.0,,1,1,1,0,0,1,49
1671,sector 111,house,puri diplomatic greens,9.0,11250.0,8000.0,Built Up area: 8000 (743.22 sq.m.),5,5,3+,3.0,North-East,Relatively new property,,8000.0,,1,0,0,0,0,1,112
1672,sector 24,house,independent,6.5,22855.0,2844.02,Plot area 316(264.22 sq.m.),4,4,2,2.0,Na,Old Property,,2844.0,,0,0,0,1,0,1,35
1684,sector 14,house,sector 14 rwa,5.51,16990.0,3243.08,Plot area 361(301.84 sq.m.),3,3,2,4.0,South-West,Moderately New Property,,3249.0,,0,0,0,0,0,1,14
1696,sector 43,house,independent,5.75,29716.0,1934.98,Plot area 215(179.77 sq.m.),4,4,2,2.0,North,Old Property,,1935.0,,1,0,0,1,1,1,34
1700,sector 50,house,unitech espace,7.45,34491.0,2159.98,Plot area 240(200.67 sq.m.)Built Up area: 4500 sq.yards (3762.57 sq.m.)Carpet area: 4000 sq.yards (3344.51 sq.m.),4,4,3,3.0,Na,Old Property,,4500.0,4000.0,1,0,0,0,0,0,59
1703,sector 53,flat,parsvnath exotica,6.44,19000.0,3389.0,Super Built up area 3390(314.94 sq.m.),4,4,3,7.0,West,Moderately New Property,3390.0,,,1,0,0,0,0,0,80
1709,sector 27,house,independent,8.25,45833.0,1800.01,Plot area 210(175.59 sq.m.)Built Up area: 205 sq.yards (171.41 sq.m.)Carpet area: 200 sq.yards (167.23 sq.m.),12,12,3+,4.0,East,New Property,,205.0,200.0,1,0,0,1,0,0,40
1711,sector 26,house,dlf city plots,12.5,38580.0,3240.02,Plot area 360(301.01 sq.m.),4,5,2,2.0,North-East,Moderately New Property,,3240.0,,1,1,0,0,0,0,121
1712,sector 25,house,nul,15.0,23437.0,6400.14,Built Up area: 6400 (594.58 sq.m.),5,5,3,2.0,West,Moderately New Property,,6400.0,,1,1,0,1,0,0,112
1717,sector 50,house,unitech espace,11.29,34846.0,3239.97,Plot area 360(301.01 sq.m.),5,5,3+,2.0,Na,Moderately New Property,,3240.0,,0,1,0,1,0,1,21
1739,sector 25,house,dlf city plots phase 2,6.5,36111.0,1800.01,Plot area 200(167.23 sq.m.),5,5,3+,3.0,East,Old Property,,1800.0,,1,1,0,1,1,0,134
1747,sector 26,house,dlf city phase 1,5.5,30556.0,1799.97,Plot area 200(167.23 sq.m.),4,4,3+,2.0,East,Moderately New Property,,1800.0,,0,0,0,1,1,1,49
1750,sector 109,house,international city by sobha phase 2,6.44,26502.0,2430.01,Plot area 270(225.75 sq.m.),4,5,3+,3.0,North-East,New Property,,2430.0,,1,1,0,1,1,1,138
1755,sector 48,house,vipul tatvam villa,22.0,26667.0,8249.9,Plot area 1000(836.13 sq.m.),5,6,3,3.0,Na,Moderately New Property,,1000.0,,1,0,0,0,0,1,54
1756,sector 54,flat,dlf the crest,11.0,35483.0,3100.0,Carpet area: 3100 (288 sq.m.),4,5,3+,7.0,North-East,Relatively new property,,,3100.0,1,1,0,1,0,1,49
1757,sector 50,house,unitech espace,7.5,34722.0,2160.01,Plot area 240(200.67 sq.m.)Built Up area: 241 sq.yards (201.51 sq.m.)Carpet area: 240 sq.yards (200.67 sq.m.),3,3,2,2.0,West,Moderately New Property,,241.0,240.0,1,0,0,0,0,0,66
1766,sector 25,house,dlf city plots phase 2,10.75,29861.0,3600.01,Plot area 400(334.45 sq.m.),9,9,3+,3.0,South-West,Old Property,,3600.0,,1,0,0,1,1,1,73
1768,sector 55,house,independent,7.49,27741.0,2699.97,Plot area 300(250.84 sq.m.),12,12,3+,4.0,South-East,Relatively new property,,2700.0,,1,1,0,1,0,0,49
1774,sector 62,flat,pioneer araya,9.2,19943.0,4613.0,Super Built up area 4613(428.56 sq.m.)Carpet area: 3203 sq.ft. (297.57 sq.m.),4,6,3,5.0,South,Relatively new property,4613.0,,3203.0,1,0,0,1,0,0,156
1796,sector 13,house,independent,9.0,100000.0,900.0,Plot area 900(83.61 sq.m.),10,5,3+,4.0,Na,Old Property,,900.0,,0,0,0,0,0,1,0
1800,sector 28,house,suncity essel towers,6.0,22222.0,2700.03,Plot area 300(250.84 sq.m.),4,4,3+,3.0,East,Old Property,,2700.0,,0,1,0,0,0,0,89
1807,sector 63,flat,dlf the arbour,7.52,19000.0,3958.0,Built Up area: 3956 (367.52 sq.m.)Carpet area: 2200 sq.ft. (204.39 sq.m.),4,4,3,15.0,West,Undefined,,3956.0,2200.0,0,0,0,0,0,1,61
1816,sector 112,flat,experion windchants,5.49,11584.0,4739.0,Super Built up area 4739(440.27 sq.m.)Built Up area: 3655.35 sq.ft. (339.59 sq.m.),4,5,3+,5.0,South,Relatively new property,4739.0,3655.35,,1,0,0,0,0,0,168
1818,sector 73,house,dlf alameda,17.0,35109.0,4842.06,Plot area 4842(449.84 sq.m.)Built Up area: 9000 sq.ft. (836.13 sq.m.),5,8,3,3.0,North-West,Relatively new property,,9000.0,,1,1,0,1,1,2,87
1846,sector 48,house,vipul tatvam villa,7.25,201388.0,360.0,Plot area 360(33.45 sq.m.),4,4,3,2.0,Na,Relatively new property,,360.0,,1,1,0,1,1,0,103
1868,sector 48,house,vipul tatvam villa,8.5,26235.0,3239.95,Plot area 360(301.01 sq.m.),4,4,2,,East,Moderately New Property,,3240.0,,1,0,0,1,1,1,88
1885,sector 25,house,independent,7.6,38760.0,1960.78,Plot area 215(179.77 sq.m.),9,9,3,4.0,East,Relatively new property,,1935.0,,0,1,0,1,1,0,84
1887,sector 59,flat,conscient elevate,6.75,19882.0,3395.0,Super Built up area 3395(315.41 sq.m.)Carpet area: 1855 sq.ft. (172.34 sq.m.),4,4,2,10.0,Na,New Property,3395.0,,1855.0,1,0,0,0,0,1,31
1915,sector 14,house,independent,6.46,18889.0,3419.98,Plot area 380(317.73 sq.m.)Built Up area: 380 sq.yards (317.73 sq.m.)Carpet area: 300 sq.yards (250.84 sq.m.),5,5,2,3.0,East,Moderately New Property,,380.0,300.0,1,1,0,1,0,0,27
1917,sector 112,flat,experion windchants,6.5,10416.0,6240.0,Built Up area: 4800 (445.93 sq.m.),4,5,3,11.0,South,Relatively new property,,4800.0,,0,0,0,0,0,1,55
1919,sector 47,house,independent,6.09,33665.0,1809.0,Plot area 201(168.06 sq.m.)Built Up area: 180 sq.yards (150.5 sq.m.)Carpet area: 150 sq.yards (125.42 sq.m.),12,11,3+,4.0,West,Moderately New Property,,180.0,150.0,0,0,0,1,0,2,44
1945,sector 53,flat,tulip monsella,6.02,20816.0,2892.0,Built Up area: 2892 (268.68 sq.m.),3,3,3,29.0,Na,Under Construction,,2892.0,,0,0,0,0,0,1,68
1948,sector 109,house,international city by sobha phase 1,5.75,16428.0,3500.12,Plot area 272(25.27 sq.m.)Built Up area: 4800 sq.ft. (445.93 sq.m.)Carpet area: 3500 sq.ft. (325.16 sq.m.),4,4,2,3.0,South-East,Relatively new property,,4800.0,3500.0,1,0,0,0,0,1,146
1951,sector 66,house,emaar mgf marbella,18.0,55556.0,3239.97,Plot area 360(301.01 sq.m.),4,4,3+,3.0,East,Moderately New Property,,3240.0,,1,1,0,1,0,2,75
1962,sector 26,house,arjun marg/ sector- 26 phase- 1/ golf course road,31.5,35000.0,9000.0,Plot area 1000(836.13 sq.m.),7,9,3+,3.0,North-East,Moderately New Property,,9000.0,,1,1,0,1,1,2,74
1969,sector 55,house,private house,7.05,46906.0,1503.01,Plot area 167(139.63 sq.m.),18,18,3+,4.0,North-East,Relatively new property,,1503.0,,0,0,1,0,0,2,57
1970,sector 28,house,independent,9.0,27778.0,3239.97,Plot area 360(301.01 sq.m.),6,7,3+,3.0,North,Moderately New Property,,3240.0,,1,1,0,1,1,1,67
1972,sector 22,flat,ambience creacions,6.16,20533.0,3000.0,Carpet area: 3000 (278.71 sq.m.),4,5,3+,10.0,South-East,New Property,,,3000.0,1,0,0,1,0,0,49
1976,sector 50,house,nirvana country,10.0,14285.0,7000.35,Built Up area: 7000 (650.32 sq.m.),5,7,2,4.0,East,Moderately New Property,,7000.0,,1,0,0,0,0,2,0
1979,sector 62,flat,pioneer araya,7.56,18000.0,4200.0,Built Up area: 4200 (390.19 sq.m.),4,4,3+,23.0,West,Relatively new property,,4200.0,,1,0,0,1,0,0,87
1980,sector 48,house,eldeco mansionz,6.0,22222.0,2700.03,Plot area 300(250.84 sq.m.),4,4,3+,2.0,East,Moderately New Property,,2700.0,,1,0,0,0,0,1,69
1988,sector 54,flat,dlf the crest,11.0,35222.0,3123.0,Super Built up area 3123(290.14 sq.m.),4,6,3,7.0,Na,Relatively new property,3123.0,,,1,0,0,0,0,2,125
2013,sector 50,house,unitech escape,10.8,60000.0,1800.0,Plot area 290(242.48 sq.m.)Built Up area: 250 sq.yards (209.03 sq.m.)Carpet area: 200 sq.yards (167.23 sq.m.),4,4,3,2.0,North,Relatively new property,,250.0,200.0,1,1,0,1,1,0,103
2028,sector 17b,house,independent,8.5,18814.0,4517.91,Plot area 502(419.74 sq.m.)Built Up area: 500 sq.yards (418.06 sq.m.)Carpet area: 400 sq.yards (334.45 sq.m.),4,4,2,2.0,West,Old Property,,500.0,400.0,1,1,0,1,0,0,21
2031,sector 45,house,independent,17.0,37777.0,4500.09,Plot area 4500(418.06 sq.m.),5,8,3+,3.0,North-East,Relatively new property,,4500.0,,1,1,0,1,1,2,152
2042,sector 49,house,uppal southend,6.75,32328.0,2087.97,Built Up area: 232 (193.98 sq.m.),4,4,3,3.0,West,Relatively new property,,232.0,,1,0,0,0,0,0,26
2046,sector 50,house,independent,7.0,23333.0,3000.04,Plot area 2400(222.97 sq.m.)Built Up area: 3400 sq.ft. (315.87 sq.m.)Carpet area: 3000 sq.ft. (278.71 sq.m.),4,4,2,3.0,North-East,Old Property,,3400.0,3000.0,1,0,0,0,0,1,118
2050,sector 50,house,independent,6.5,21667.0,2999.95,Built Up area: 3000 (278.71 sq.m.),5,6,0,1.0,Na,Undefined,,3000.0,,0,0,0,0,0,1,0
2068,sector 50,house,independent,11.58,35741.0,3239.98,Plot area 360(301.01 sq.m.),5,5,3,2.0,Na,Moderately New Property,,3240.0,,1,0,0,0,0,1,20
2085,sector 62,flat,pioneer araya,10.75,19500.0,5513.0,Super Built up area 5514(512.27 sq.m.),5,7,3,10.0,North-East,Relatively new property,5514.0,,,1,0,0,0,0,0,153
2089,sector 50,house,unitech aspen greens,7.0,32407.0,2160.03,Plot area 240(200.67 sq.m.),4,4,2,2.0,East,Old Property,,2160.0,,1,0,0,0,0,1,29
2096,sector 46,house,independent,6.81,36911.0,1844.98,Plot area 205(171.41 sq.m.),12,14,3+,,East,New Property,,1845.0,,1,0,1,0,0,0,40
2106,sector 109,house,international city by sobha phase 1,5.7,10556.0,5399.77,Plot area 600(501.68 sq.m.),4,4,3+,4.0,East,Relatively new property,,5400.0,,1,1,0,0,0,1,98
2107,sector 109,house,international city by sobha phase 1,5.7,10556.0,5399.77,Plot area 600(501.68 sq.m.),4,5,3+,3.0,East,Relatively new property,,5400.0,,1,1,0,1,1,1,160
2121,sector 26,house,independent,18.25,18250.0,10000.0,Plot area 550(51.1 sq.m.)Carpet area: 10000 sq.ft. (929.03 sq.m.),7,9,3+,4.0,East,Relatively new property,,,10000.0,1,1,0,1,1,0,77
2148,sector 26,house,dlf city plots,17.0,37627.0,4518.03,Plot area 502(419.74 sq.m.),5,6,3,2.0,North-West,Old Property,,4518.0,,1,0,0,1,1,0,87
2155,sector 26,house,dlf city plots,13.5,29880.0,4518.07,Plot area 502(419.74 sq.m.),5,5,2,2.0,East,Moderately New Property,,4518.0,,1,1,1,0,0,0,104
2156,sector 26,house,independent,14.75,51864.0,2843.98,Plot area 316(264.22 sq.m.),16,20,3+,4.0,East,New Property,,2844.0,,1,1,0,1,1,0,153
2161,sector 43,house,independent,13.5,50000.0,2700.0,Plot area 300(250.84 sq.m.),16,16,3+,4.0,North-West,Relatively new property,,2700.0,,1,1,1,1,0,1,41
2162,sector 46,house,independent,5.65,23870.0,2366.99,Plot area 263(219.9 sq.m.),8,6,3+,3.0,South-West,Moderately New Property,,2367.0,,1,0,0,0,0,0,67
2176,sector 14,house,independent,5.5,16975.0,3240.06,Plot area 360(301.01 sq.m.)Built Up area: 355 sq.yards (296.83 sq.m.)Carpet area: 300 sq.yards (250.84 sq.m.),5,4,2,2.0,East,Old Property,,355.0,300.0,0,1,0,0,0,1,27
2179,sector 28,house,independent,12.0,42194.0,2844.01,Plot area 316(264.22 sq.m.),4,5,3+,4.0,East,Relatively new property,,2844.0,,1,0,0,1,1,0,60
2187,sector 65,flat,m3m golfestate,5.9,17484.0,3375.0,Super Built up area 3363(312.43 sq.m.),3,3,3,18.0,North,Relatively new property,3363.0,,,1,1,0,0,0,1,76
2203,sector 43,house,the laburnum,11.0,27160.0,4050.07,Plot area 450(376.26 sq.m.)Built Up area: 360 sq.yards (301.01 sq.m.)Carpet area: 350 sq.yards (292.64 sq.m.),5,6,3+,3.0,East,New Property,,360.0,350.0,1,0,0,1,0,0,160
2207,sector 43,house,sushant lok 1 builder floors,13.0,48148.0,2700.01,Plot area 300(250.84 sq.m.),3,3,3+,4.0,North,New Property,,2700.0,,0,0,0,1,0,0,7
2227,sector 66,house,emaar mgf marbella,12.0,38095.0,3150.02,Plot area 350(292.64 sq.m.),5,6,3+,4.0,North-East,New Property,,3150.0,,1,0,0,1,0,1,38
2250,sector 57,house,independent,6.25,2778.0,22498.2,Plot area 3100(2591.99 sq.m.)Built Up area: 2660 sq.yards (2224.1 sq.m.)Carpet area: 2500 sq.yards (2090.32 sq.m.),9,9,3+,3.0,North-East,New Property,,2660.0,2500.0,1,0,0,0,0,0,61
2260,sector 49,house,uppal southend,6.75,290948.0,232.0,Plot area 232(21.55 sq.m.),12,12,3+,,West,Moderately New Property,,232.0,,1,1,1,1,0,0,49
2266,sector 50,house,independent,10.45,38703.0,2700.05,Plot area 2700(250.84 sq.m.)Built Up area: 4000 sq.ft. (371.61 sq.m.),4,5,2,3.0,North,Moderately New Property,,4000.0,,1,1,0,1,0,0,142
2293,sector 57,house,independent,8.0,266666.0,300.0,Plot area 300(27.87 sq.m.),5,4,3,2.0,North,Relatively new property,,300.0,,1,1,0,1,0,1,21
2314,sector 113,flat,tata gurgaon gateway,6.0,9139.0,6565.0,Carpet area: 6565 (609.91 sq.m.),5,6,3+,24.0,North,Moderately New Property,,,6565.0,0,0,0,0,0,1,117
2320,sector 109,house,international city by sobha phase 1,12.0,20000.0,6000.0,Plot area 8000(743.22 sq.m.)Built Up area: 7000 sq.ft. (650.32 sq.m.)Carpet area: 6000 sq.ft. (557.42 sq.m.),5,6,3,2.0,North-East,Relatively new property,,7000.0,6000.0,1,1,0,0,0,0,154
2328,sector 26,house,independent,5.8,12837.0,4518.19,Plot area 502(419.74 sq.m.),4,4,3+,4.0,Na,Old Property,,4518.0,,0,0,0,0,0,1,38
2350,sector 27,house,independent,8.0,26298.0,3042.06,Plot area 338(282.61 sq.m.),9,9,3,4.0,North-East,Relatively new property,,3042.0,,1,1,0,1,1,2,110
2358,sector 39,house,independent,7.0,10000.0,7000.0,Plot area 350(32.52 sq.m.)Built Up area: 7000 sq.ft. (650.32 sq.m.),10,11,3+,4.0,South-East,Relatively new property,,7000.0,,0,0,0,1,0,0,38
2370,sector 70a,house,bptp visionnaire,6.0,22222.0,2700.03,Plot area 300(250.84 sq.m.),5,4,3,3.0,North-East,New Property,,2700.0,,0,1,0,0,0,1,40
2375,sector 28,house,suncity essel towers,8.95,17900.0,5000.0,Plot area 5000(464.52 sq.m.),5,6,3+,4.0,Na,Moderately New Property,,5000.0,,0,0,0,0,0,1,0
2396,sector 25,house,dlf city plots phase 2,10.55,39074.0,2700.01,Plot area 300(250.84 sq.m.),5,6,3+,3.0,East,Moderately New Property,,2700.0,,1,1,0,1,1,1,131
2397,sector 23,house,independent,5.65,17706.0,3191.01,Plot area 342(285.96 sq.m.)Built Up area: 5000 sq.yards (4180.64 sq.m.)Carpet area: 4000 sq.yards (3344.51 sq.m.),7,7,3+,2.0,West,Moderately New Property,,5000.0,4000.0,1,0,0,1,0,1,68
2401,sector 48,house,independent,8.4,25926.0,3239.99,Plot area 360(301.01 sq.m.),4,4,3,2.0,Na,Old Property,,3240.0,,1,0,0,1,0,0,15
2413,sector 45,house,independent,16.0,35000.0,4571.43,Plot area 500(418.06 sq.m.),6,7,3+,3.0,East,Relatively new property,,4500.0,,1,1,0,1,1,0,105
2432,sector 109,house,international city by sobha phase 2,9.5,26389.0,3599.98,Plot area 400(334.45 sq.m.),5,5,3+,2.0,South,Relatively new property,,3600.0,,1,1,0,1,1,1,133
2434,sector 63,flat,dlf the arbour,8.5,21519.0,3950.0,Built Up area: 3950 (366.97 sq.m.),4,4,0,27.0,Na,Undefined,,3950.0,,0,0,0,0,0,1,61
2447,sector 25,house,independent,6.5,36111.0,1800.01,Plot area 200(167.23 sq.m.),4,4,3+,2.0,North-East,Moderately New Property,,1800.0,,1,1,0,1,1,1,61
2455,sector 65,house,emaar emerald hills,12.5,34722.0,3600.02,Plot area 400(334.45 sq.m.),4,4,3+,2.0,East,Relatively new property,,3600.0,,1,1,0,0,0,1,56
2459,sector 57,house,independent,6.21,23000.0,2700.0,Plot area 300(250.84 sq.m.),6,6,3+,4.0,North-East,Old Property,,2700.0,,1,1,0,1,1,1,52
2466,sector 43,house,sushant lok 1 builder floors,10.85,28841.0,3762.01,Plot area 418(349.5 sq.m.),8,8,3,3.0,West,Moderately New Property,,3762.0,,1,1,0,1,1,2,160
2477,sector 82,house,vatika india next,7.0,194444.0,360.0,Plot area 360(33.45 sq.m.)Built Up area: 3900 sq.ft. (362.32 sq.m.)Carpet area: 3743 sq.ft. (347.74 sq.m.),4,4,3+,3.0,North-East,Relatively new property,,3900.0,3743.0,1,0,0,0,0,2,105
2480,sector 66,house,emaar mgf marbella,15.1,18605.0,8116.1,Plot area 754,5,5,3+,3.0,East,New Property,,8067.799999999999,,1,1,0,1,1,1,120
2481,sector 14,house,sector 14 rwa,6.5,26000.0,2500.0,Plot area 2500(232.26 sq.m.),5,5,0,4.0,Na,Moderately New Property,,2500.0,,0,0,0,0,0,1,0
2491,sector 54,house,dlf the grove,5.7,211111.0,270.0,Built Up area: 270 (25.08 sq.m.),4,4,0,1.0,Na,Undefined,,270.0,,0,0,0,0,0,1,46
2497,sector 25,house,independent,7.3,1560.0,46794.87,Plot area 215(179.77 sq.m.)Built Up area: 5800 sq.yards (4849.54 sq.m.)Carpet area: 5200 sq.yards (4347.86 sq.m.),9,9,2,3.0,North-West,Relatively new property,,5800.0,5200.0,1,0,0,0,1,0,109
2506,sector 65,flat,m3m golfestate,6.15,18331.0,3355.0,Built Up area: 3355 (311.69 sq.m.)Carpet area: 2200 sq.ft. (204.39 sq.m.),3,4,2,20.0,North-East,Undefined,,3355.0,2200.0,0,0,0,0,0,1,34
2507,sector 26,house,independent,12.5,38580.0,3240.02,Plot area 360(301.01 sq.m.),5,5,3+,2.0,North,Old Property,,3240.0,,1,1,0,1,1,0,79
2521,sector 28,house,independent,11.0,33951.0,3239.96,Plot area 360(301.01 sq.m.),13,13,3+,3.0,East,Relatively new property,,3240.0,,1,1,0,1,0,2,122
2528,sector 26,house,independent,13.5,29880.0,4518.07,Plot area 502(419.74 sq.m.),5,5,3+,2.0,North-East,Relatively new property,,4518.0,,1,1,1,1,0,2,49
2535,sector 70a,house,bptp astaire gardens,6.5,27871.0,2332.17,Plot area 299(250 sq.m.),4,4,3+,2.0,North-East,New Property,,299.0,,1,1,0,1,0,0,160
2556,sector 49,house,ss aaron ville,6.5,18808.0,3455.98,Plot area 384(321.07 sq.m.),5,5,2,2.0,North-East,Relatively new property,,3456.0,,1,1,0,1,0,0,28
2564,sector 48,house,vipul tatvam villa,19.5,22222.0,8775.09,Plot area 975(815.22 sq.m.),5,6,3,2.0,North,Moderately New Property,,8775.0,,1,1,0,1,1,0,110
2566,sector 109,house,international city by sobha phase 1,6.0,24691.0,2430.04,Plot area 270(225.75 sq.m.),4,4,3+,2.0,North-East,Relatively new property,,2430.0,,1,1,0,1,1,1,160
2569,sector 63a,house,aindependentt raj estates,8.5,27139.0,3132.02,Plot area 348(290.97 sq.m.),6,6,3+,3.0,East,Under Construction,,3132.0,,0,0,0,1,1,1,29
2573,sector 109,house,international city by sobha phase 1,6.0,9634.0,6227.94,Plot area 692(578.6 sq.m.),5,5,3+,2.0,South-West,Relatively new property,,6228.0,,1,1,0,1,1,1,160
2586,sector 54,flat,dlf the belaire,10.0,24557.0,4072.0,Super Built up area 4072(378.3 sq.m.)Built Up area: 3000 sq.ft. (278.71 sq.m.)Carpet area: 2800 sq.ft. (260.13 sq.m.),4,5,3+,17.0,North,Moderately New Property,4072.0,3000.0,2800.0,1,0,0,0,0,2,167
2602,sector 67,house,ireo victory valley,8.0,22222.0,3600.04,Plot area 400(334.45 sq.m.),6,7,3+,3.0,North-East,Moderately New Property,,3600.0,,1,1,0,1,1,0,151
2615,sector 43,house,independent,8.5,31481.0,2700.04,Plot area 300(250.84 sq.m.),5,5,3,3.0,West,Moderately New Property,,2700.0,,1,0,0,0,0,0,113
2623,sector 82,house,independent,7.0,21605.0,3239.99,Plot area 360(301.01 sq.m.),4,4,3+,1.0,North-East,Relatively new property,,3240.0,,1,1,0,1,0,0,49
2625,sector 50,flat,elevate,6.75,19882.0,3395.0,Built Up area: 3395 (315.41 sq.m.),4,4,0,10.0,Na,Undefined,,3395.0,,0,0,0,0,0,1,0
2626,sector 62,flat,pioneer urban presidia,6.5,14987.0,4337.0,Super Built up area 4337(402.92 sq.m.),4,4,3+,3.0,West,Moderately New Property,4337.0,,,0,1,0,0,0,1,86
2635,sector 48,house,vipul tatvam villa,6.4,24691.0,2592.04,Plot area 288(240.8 sq.m.)Built Up area: 240 sq.yards (200.67 sq.m.)Carpet area: 200 sq.yards (167.23 sq.m.),3,4,3,2.0,North,Relatively new property,,240.0,200.0,1,1,0,0,1,0,148
2674,sector 28,flat,suncity platinum towers,7.0,22222.0,3150.0,Super Built up area 3150(292.64 sq.m.)Carpet area: 1913 sq.ft. (177.72 sq.m.),4,3,2,10.0,North,Moderately New Property,3150.0,,1913.0,1,0,0,0,0,1,31
2684,sector 25,house,independent,13.0,45710.0,2844.02,Plot area 316(264.22 sq.m.),6,8,3+,,Na,Relatively new property,,2844.0,,1,1,0,1,1,2,0
2686,sector 109,house,international city by sobha phase 2,9.4,26111.0,3600.02,Plot area 400(334.45 sq.m.),5,6,3+,2.0,North-East,Relatively new property,,3600.0,,1,1,0,1,1,0,147
2690,sector 109,house,international city by sobha phase 2,11.3,25111.0,4500.02,Plot area 500(418.06 sq.m.)Built Up area: 480 sq.yards (401.34 sq.m.)Carpet area: 460 sq.yards (384.62 sq.m.),7,5,3+,4.0,East,Relatively new property,,480.0,460.0,1,1,1,1,0,1,49
2692,sector 28,flat,suncity platinum towers,6.2,23091.0,2685.0,Super Built up area 2685(249.44 sq.m.)Built Up area: 2000 sq.ft. (185.81 sq.m.)Carpet area: 1900 sq.ft. (176.52 sq.m.),3,4,3+,21.0,South,Relatively new property,2685.0,2000.0,1900.0,1,0,0,0,0,0,160
2707,sector 54,flat,dlf park place,5.75,24688.0,2329.0,Super Built up area 2329(216.37 sq.m.)Built Up area: 1900 sq.ft. (176.52 sq.m.)Carpet area: 1700 sq.ft. (157.94 sq.m.),3,4,3,12.0,North-East,Relatively new property,2329.0,1900.0,1700.0,1,0,0,0,0,2,174
2711,sector 66,house,emaar mgf marbella,18.0,40000.0,4500.0,Plot area 500(418.06 sq.m.),5,6,3+,3.0,North-East,Relatively new property,,4500.0,,1,1,0,1,1,2,153
2721,sector 33,house,unitech uniworld resorts,11.0,26667.0,4124.95,Plot area 500(418.06 sq.m.),5,6,3,3.0,Na,New Property,,500.0,,1,1,0,0,0,1,58
2725,sohna road road,house,independent,6.25,6944.0,9000.58,Plot area 1000(836.13 sq.m.),3,3,0,1.0,Na,Moderately New Property,,9000.0,,0,0,0,0,0,1,0
2739,sector 59,flat,mahindra luminare,5.5,18181.0,3025.0,Super Built up area 3025(281.03 sq.m.),3,3,1,26.0,Na,Under Construction,3025.0,,,1,0,0,0,0,1,24
2746,sector 109,house,international city by sobha phase 2,6.25,10035.0,6228.2,Plot area 692(578.6 sq.m.),5,7,3+,3.0,North-East,Relatively new property,,6228.0,,1,1,0,1,1,1,147
2756,sector 109,house,international city by sobha phase 2,11.25,25000.0,4500.0,Plot area 500(418.06 sq.m.),7,5,3+,4.0,North-East,Relatively new property,,4500.0,,1,1,0,1,0,1,42
2760,sector 54,house,emaar the palm springs,14.0,62222.0,2250.01,Plot area 250(209.03 sq.m.),4,5,3+,2.0,North,Old Property,,2250.0,,1,1,0,0,0,0,160
2765,sector 2,house,independent,5.6,17284.0,3239.99,Plot area 360(301.01 sq.m.),8,6,3+,,South-West,Moderately New Property,,3240.0,,1,1,0,1,1,1,0
2771,sector 7,house,independent,8.0,22222.0,3600.04,Plot area 400(334.45 sq.m.),4,5,3+,1.0,North-East,Old Property,,3600.0,,1,1,0,1,0,1,31
2774,sector 25,house,independent,10.85,38150.0,2844.04,Plot area 316(264.22 sq.m.),6,6,1,3.0,North-East,Relatively new property,,2844.0,,0,0,0,0,1,0,136
2785,sector 56,house,independent,11.95,43534.0,2744.98,Plot area 305(255.02 sq.m.),12,12,3+,4.0,West,Relatively new property,,2745.0,,1,0,0,0,0,0,21
2818,sector 31,house,project housing board colony,8.0,63492.0,1260.0,Built Up area: 140 (117.06 sq.m.),2,1,0,1.0,Na,Undefined,,140.0,,0,0,0,0,0,1,0
2820,sector 109,house,international city by sobha phase 2,6.8,12593.0,5399.83,Plot area 600(501.68 sq.m.),4,5,3,2.0,North-West,Relatively new property,,5400.0,,1,0,0,0,0,1,49
2827,sector 109,house,international city by sobha phase 1,6.15,27333.0,2250.03,Plot area 270(225.75 sq.m.)Built Up area: 270 sq.yards (225.75 sq.m.)Carpet area: 250 sq.yards (209.03 sq.m.),5,5,3+,3.0,West,Relatively new property,,270.0,250.0,1,0,0,1,1,0,130
2832,sector 109,house,international city by sobha phase 2,7.0,12963.0,5399.98,Plot area 600(501.68 sq.m.),5,6,2,2.0,West,Relatively new property,,5400.0,,1,0,0,0,0,1,154
2842,sector 26,house,independent,15.0,33333.0,4500.05,Built Up area: 4500 (418.06 sq.m.),4,4,3,3.0,Na,Moderately New Property,,4500.0,,1,0,0,0,1,0,36
2861,sector 26,house,independent,19.0,42222.0,4500.02,Plot area 500(418.06 sq.m.),6,8,3+,3.0,East,Moderately New Property,,4500.0,,1,1,0,1,1,0,103
2869,sector 25,house,independent,8.0,8000.0,10000.0,Carpet area: 10000 (929.03 sq.m.),3,9,2,3.0,Na,New Property,,,10000.0,0,0,0,0,0,1,0
2902,sector 41,house,independent,9.0,27778.0,3239.97,Plot area 360(301.01 sq.m.),8,5,3+,3.0,Na,Old Property,,3240.0,,1,0,0,1,1,0,26
2928,sector 109,house,international city by sobha phase 2,8.48,23556.0,3599.93,Plot area 400(334.45 sq.m.),4,6,3+,3.0,North-East,New Property,,3600.0,,1,1,0,1,1,1,153
2933,sector 55,house,independent,5.6,20741.0,2699.97,Plot area 300(250.84 sq.m.),6,4,3,3.0,East,Old Property,,2700.0,,1,0,0,0,0,0,41
2954,sector 28,house,independent,10.5,32407.0,3240.04,Plot area 360(301.01 sq.m.),5,6,3+,3.0,Na,New Property,,3240.0,,1,1,0,1,0,0,153
2958,sector 14,house,independent,6.4,20317.0,3150.07,Plot area 350(292.64 sq.m.)Built Up area: 349 sq.yards (291.81 sq.m.)Carpet area: 348 sq.yards (290.97 sq.m.),6,6,3+,3.0,North,Old Property,,349.0,348.0,0,0,1,0,0,1,35
2970,sector 43,flat,dlf icon,5.8,20707.0,2801.0,Built Up area: 2801 (260.22 sq.m.),4,4,3+,18.0,Na,Undefined,,2801.0,,0,0,0,0,0,1,0
2981,sector 23,house,independent,5.5,21825.0,2520.05,Plot area 280(234.12 sq.m.),8,8,2,3.0,East,Moderately New Property,,2520.0,,1,1,0,1,0,0,76
2982,sector 112,flat,experion windchants,5.6,11529.0,4857.0,Super Built up area 4857(451.23 sq.m.)Built Up area: 3662.34 sq.ft. (340.24 sq.m.),4,6,3+,15.0,North-East,Moderately New Property,4857.0,3662.34,,1,0,0,0,0,0,157
2984,sector 57,house,independent,6.95,38611.0,1800.01,Plot area 192(160.54 sq.m.),12,12,3+,4.0,East,New Property,,1728.0,,1,0,0,0,1,0,73
2991,sector 56,house,independent,8.0,9654.0,8286.72,Plot area 362(33.63 sq.m.)Built Up area: 8286 sq.ft. (769.79 sq.m.),10,10,3+,4.0,Na,Relatively new property,,8286.0,,1,1,0,1,0,2,107
3000,sector 12,house,anamika enclave,6.0,14492.0,4140.22,Plot area 4140(384.62 sq.m.)Built Up area: 9000 sq.ft. (836.13 sq.m.),9,9,3+,3.0,North-West,Old Property,,9000.0,,0,0,0,0,0,1,9
3015,sector 33,house,unitech uniworld resorts,10.0,181818.0,550.0,Plot area 550(51.1 sq.m.),5,6,3,4.0,North-East,New Property,,550.0,,1,1,0,0,0,1,26
3017,sector 43,flat,dlf royalton tower,6.5,22108.0,2940.0,Super Built up area 2940(273.13 sq.m.),4,5,2,8.0,West,Relatively new property,2940.0,,,1,0,0,0,0,1,15
3020,sector 26,house,independent,15.0,33200.0,4518.07,Plot area 502(419.74 sq.m.),5,6,3+,3.0,North,Moderately New Property,,4518.0,,1,1,0,1,1,0,78
3032,sector 50,house,unitech espace,9.8,30247.0,3239.99,Plot area 360(301.01 sq.m.)Built Up area: 300 sq.yards (250.84 sq.m.)Carpet area: 280 sq.yards (234.12 sq.m.),4,4,3,2.0,North-West,Moderately New Property,,300.0,280.0,1,0,0,0,0,1,22
3043,sector 40,house,independent,12.0,38986.0,3078.03,Plot area 342(285.96 sq.m.),16,16,3+,4.0,Na,New Property,,3078.0,,1,1,0,1,1,0,0
3068,sector 50,house,unitech nirvana birch court,11.95,36883.0,3239.98,Plot area 360(301.01 sq.m.),3,3,2,1.0,West,Moderately New Property,,3240.0,,1,1,0,0,0,1,101
3080,sector 26,house,independent,7.0,39265.0,1782.76,Plot area 1782.72(165.62 sq.m.),5,5,2,3.0,North-East,Relatively new property,,1782.72,,1,0,0,0,0,1,9
3084,sector 50,house,unitech aspen greens,6.95,4490.0,15478.84,Plot area 240(200.67 sq.m.)Built Up area: 2160 sq.yards (1806.04 sq.m.)Carpet area: 1720 sq.yards (1438.14 sq.m.),3,3,1,2.0,North-East,Moderately New Property,,2160.0,1720.0,1,0,0,0,0,1,160
3087,sector 48,flat,central park resort belgravia residences,6.25,24300.0,2572.0,Carpet area: 2880 (267.56 sq.m.),3,5,3+,5.0,South-East,Moderately New Property,,,2880.0,1,0,0,0,0,0,49
3095,sector 109,house,international city by sobha phase 2,6.5,12037.0,5400.02,Plot area 5400(501.68 sq.m.),4,4,3+,1.0,North-East,New Property,,5400.0,,1,0,0,0,0,0,160
3106,sector 14,house,independent,8.0,17707.0,4517.99,Plot area 502(419.74 sq.m.),12,4,3+,3.0,North,Old Property,,4518.0,,1,0,0,0,1,1,32
3122,sector 26,house,dlf city plots,16.0,37778.0,4235.27,Plot area 500(418.06 sq.m.),4,4,3,1.0,Na,Relatively new property,,500.0,,0,1,0,1,1,1,7
3128,sector 49,house,uppal southend,6.75,31915.0,2114.99,Plot area 235(196.49 sq.m.),12,12,3+,3.0,West,Moderately New Property,,2115.0,,0,0,1,0,0,1,49
3131,sector 57,house,ansals florence villa,6.0,22222.0,2700.03,Plot area 300(250.84 sq.m.),4,5,2,2.0,Na,Old Property,,2700.0,,1,0,0,1,0,0,20
3182,sector 25,house,independent,6.6,36667.0,1799.98,Plot area 200(167.23 sq.m.),6,7,3+,2.0,East,Moderately New Property,,1800.0,,1,1,0,0,0,0,119
3198,sector 50,house,independent,10.56,32593.0,3239.96,Plot area 360(301.01 sq.m.),5,5,3,3.0,Na,Moderately New Property,,3240.0,,1,0,0,0,0,1,20
3216,sector 26,house,independent,5.8,32222.0,1800.01,Plot area 200(167.23 sq.m.),5,5,3+,2.0,North,Old Property,,1800.0,,1,1,0,1,1,1,53
3228,sector 50,house,unitech espace,10.3,31790.0,3240.01,Plot area 360(301.01 sq.m.),5,6,3+,3.0,East,Moderately New Property,,3240.0,,1,1,0,1,1,0,160
3238,sector 25,house,independent,11.0,35530.0,3095.98,Plot area 344(287.63 sq.m.),5,5,3+,2.0,Na,Relatively new property,,3096.0,,1,1,0,1,1,1,29
3239,sector 66,house,emaar mgf marbella,12.0,37037.0,3240.0,Plot area 360(301.01 sq.m.),4,4,3+,3.0,East,Relatively new property,,3240.0,,1,1,0,1,1,0,160
3255,sector 25,house,dlf city plots phase 2,10.0,400000.0,250.0,Plot area 250(23.23 sq.m.),12,12,3+,4.0,North,Relatively new property,,250.0,,1,1,0,0,0,0,114
3278,sector 24,flat,ambience lagoon,5.8,12500.0,4640.0,Built Up area: 3700 (343.74 sq.m.),3,4,3+,9.0,North-East,Old Property,,3700.0,,1,1,1,1,0,2,68
3287,sector 33,house,unitech uniworld resorts,9.55,19293.0,4949.98,Plot area 550(459.87 sq.m.),6,7,3+,2.0,East,Relatively new property,,4950.0,,1,1,0,1,1,0,126
3292,sector 82,house,vatika india next,6.8,20988.0,3239.95,Plot area 360(301.01 sq.m.),4,4,3+,3.0,North-East,Relatively new property,,3240.0,,1,0,0,0,0,2,110
3304,sector 33,house,unitech uniworld resorts,9.5,23333.0,4071.49,Plot area 500(418.06 sq.m.),5,7,3+,2.0,East,Under Construction,,500.0,,1,1,0,1,1,1,57
3311,sector 54,house,independent,5.5,38194.0,1440.02,Plot area 160(133.78 sq.m.),18,18,3+,4.0,South-West,Relatively new property,,1440.0,,1,0,0,0,0,2,70
3316,sector 26,house,independent,8.9,32963.0,2700.0,Plot area 300(250.84 sq.m.),4,4,3+,2.0,South-East,Old Property,,2700.0,,1,1,0,1,1,1,82
3319,sector 47,house,malibu towne,8.5,53125.0,1600.0,Built Up area: 1600 (148.64 sq.m.),12,12,3+,4.0,North,New Property,,1600.0,,0,0,0,0,0,0,99
3320,gwal pahari,flat,paras quartier,5.9,11028.0,5350.0,Built Up area: 5350 (497.03 sq.m.),4,4,3+,0.0,Na,Moderately New Property,,5350.0,,0,0,0,0,0,1,63
3346,sector 66,house,emaar mgf marbella,19.0,31666.0,6000.13,Plot area 9000(836.13 sq.m.)Carpet area: 6000 sq.ft. (557.42 sq.m.),5,6,3+,3.0,North-East,Relatively new property,,,6000.0,1,0,0,1,1,0,110
3349,sector 50,house,unitech nirvana birch court,6.8,31481.0,2160.03,Plot area 240(200.67 sq.m.),4,4,3+,2.0,South-East,Old Property,,2160.0,,1,1,0,1,0,1,105
3353,sector 28,house,independent,11.75,41315.0,2844.0,Plot area 316(264.22 sq.m.),4,5,3+,4.0,East,Relatively new property,,2844.0,,1,1,0,0,1,0,54
3386,sector 48,house,vipul tatvam villa,8.4,21000.0,4000.0,Plot area 4000(371.61 sq.m.),4,5,3+,2.0,North,Moderately New Property,,4000.0,,1,1,0,1,0,0,49
3390,sector 25,house,nul,6.25,34722.0,1800.01,Plot area 200(167.23 sq.m.),5,5,3,2.0,East,Moderately New Property,,1800.0,,1,0,0,1,0,0,112
3392,sector 48,house,vipul tatvam villa,7.8,23148.0,3369.62,Plot area 360(301.01 sq.m.),4,4,3+,2.0,North-East,Relatively new property,,3240.0,,1,1,0,1,1,0,145
3398,sector 48,house,vipul tatvam villa,7.25,27971.0,2591.97,Plot area 288(240.8 sq.m.),3,4,2,2.0,South,Moderately New Property,,2592.0,,1,1,0,1,1,0,115
3400,sector 25,house,independent,10.5,29022.0,3617.95,Plot area 402(336.12 sq.m.),5,5,3,3.0,East,Moderately New Property,,3618.0,,1,1,0,1,0,1,42
3409,sector 41,house,independent,7.0,28283.0,2474.98,Plot area 275(229.94 sq.m.),7,7,3+,3.0,South-West,Moderately New Property,,2475.0,,1,1,0,1,1,2,151
3416,sector 43,house,independent,5.5,28424.0,1934.98,Plot area 215(179.77 sq.m.),1,1,0,1.0,South-West,Old Property,,1935.0,,0,0,1,0,0,1,12
3422,sector 41,house,independent,7.25,29293.0,2474.99,Plot area 275(229.94 sq.m.),9,8,3,4.0,South-West,Old Property,,2475.0,,1,0,0,0,0,0,94
3424,sector 26,house,independent,5.8,32222.0,1800.01,Plot area 200(167.23 sq.m.),4,3,2,2.0,East,Relatively new property,,1800.0,,0,0,0,0,1,1,21
3431,sector 57,house,satya the legend,9.25,16577.0,5580.02,Plot area 642(536.79 sq.m.)Built Up area: 630 sq.yards (526.76 sq.m.)Carpet area: 620 sq.yards (518.4 sq.m.),5,5,3+,4.0,North-East,Relatively new property,,630.0,620.0,1,1,0,1,1,0,160
3440,sector 26,house,independent,18.9,41833.0,4517.96,Plot area 502(419.74 sq.m.),6,8,2,3.0,North-East,Relatively new property,,4518.0,,1,1,0,1,1,0,120
3458,sector 2,house,ansals palam vihar,5.7,14729.0,3869.92,Plot area 430(359.53 sq.m.)Built Up area: 4550 sq.yards (3804.38 sq.m.)Carpet area: 4450 sq.yards (3720.77 sq.m.),5,5,2,2.0,North-East,Old Property,,4550.0,4450.0,0,0,0,1,0,2,94
3493,gwal pahari,flat,paras quartier,5.9,11028.0,5350.0,Super Built up area 5350(497.03 sq.m.),4,4,3+,19.0,East,New Property,5350.0,,,1,1,0,1,1,0,160
3497,sector 48,house,vipul tatvam villa,8.5,26235.0,3239.95,Plot area 360(301.01 sq.m.),4,4,1,,Na,Relatively new property,,3240.0,,0,0,0,0,0,1,21
3499,sector 43,house,ansal sushant lok,10.5,27911.0,3761.96,Plot area 418(349.5 sq.m.),4,4,2,,North-East,Old Property,,3762.0,,1,0,0,0,0,1,59
3514,sohna road road,house,cloudnine cottages,5.5,55000.0,1000.0,Plot area 1000(92.9 sq.m.),3,3,0,1.0,Na,Moderately New Property,,1000.0,,0,0,0,0,0,1,0
3515,sector 26,house,independent,8.1,35294.0,2295.01,Plot area 255(213.21 sq.m.),5,5,2,4.0,East,Old Property,,2295.0,,0,0,0,0,0,1,42
3530,sector 109,house,international city by sobha phase 2,6.25,11574.0,5400.03,Plot area 600(501.68 sq.m.),4,4,3+,2.0,East,Relatively new property,,5400.0,,1,0,0,0,0,1,138
3536,sector 14,house,sector 14 rwa,6.5,20635.0,3149.99,Plot area 350(292.64 sq.m.),4,4,3+,2.0,Na,Moderately New Property,,3150.0,,0,0,0,0,0,1,0
3553,sector 53,flat,tulip monsella,5.6,19363.0,2892.0,Super Built up area 2892(268.68 sq.m.),3,3,3+,1.0,Na,Under Construction,2892.0,,,0,0,0,0,0,1,42
3555,sector 54,flat,dlf the belaire,7.0,23333.0,3000.0,Super Built up area 3000(278.71 sq.m.),4,6,3+,12.0,East,Moderately New Property,3000.0,,,1,0,0,1,1,0,108
3558,sector 26,house,independent,6.0,33333.0,1800.02,Plot area 200(167.23 sq.m.),8,5,3+,3.0,Na,Old Property,,1800.0,,0,0,0,0,0,0,9
3564,sector 109,house,international city by sobha phase 2,8.75,24306.0,3599.93,Plot area 400(334.45 sq.m.),5,5,3+,3.0,North-East,New Property,,3600.0,,1,1,0,1,1,0,153
3565,sector 25,house,independent,6.5,36111.0,1800.01,Plot area 200(167.23 sq.m.),4,3,3,3.0,Na,Moderately New Property,,1800.0,,0,1,0,1,0,1,19
3580,sector 50,house,independent,12.5,40611.0,3077.98,Plot area 342(285.96 sq.m.),6,5,3,4.0,East,Moderately New Property,,3078.0,,1,1,0,1,0,0,23
3591,sector 43,flat,dlf the icon,6.0,26086.0,2300.0,Carpet area: 2300 (213.68 sq.m.),4,4,3+,18.0,North-East,Old Property,,,2300.0,1,0,0,0,0,0,150
3593,sector 109,house,international city by sobha phase 2,6.2,25514.0,2430.04,Plot area 270(225.75 sq.m.),5,5,2,2.0,South-West,Relatively new property,,2430.0,,1,0,0,0,0,1,135
3598,sector 50,house,independent,13.2,27155.0,4860.98,Built Up area: 4861 (451.6 sq.m.),6,6,0,2.0,Na,Undefined,,4861.0,,0,0,0,0,0,1,0
3621,sector 48,house,vipul tatvam villa,5.75,22184.0,2591.96,Plot area 288(240.8 sq.m.)Built Up area: 280 sq.yards (234.12 sq.m.)Carpet area: 250 sq.yards (209.03 sq.m.),4,4,2,2.0,West,Moderately New Property,,280.0,250.0,1,0,0,0,0,1,30
3639,sector 50,house,unitech espace,11.0,40741.0,2699.98,Plot area 360(301.01 sq.m.)Built Up area: 361 sq.yards (301.84 sq.m.)Carpet area: 300 sq.yards (250.84 sq.m.),4,4,3+,2.0,North,Moderately New Property,,361.0,300.0,1,0,0,0,0,0,88
3645,sector 66,house,emaar mgf marbella,11.0,33951.0,3239.96,Plot area 360(301.01 sq.m.),5,6,3+,2.0,North-East,New Property,,3240.0,,1,1,0,1,1,0,153
3649,sector 106,flat,elan the presidential,6.3,15384.0,4095.0,Super Built up area 4095(380.44 sq.m.)Carpet area: 3500 sq.ft. (325.16 sq.m.),5,6,3+,10.0,North-East,Under Construction,4095.0,,3500.0,0,0,0,0,0,0,62
3651,sector 25,house,independent,13.5,19286.0,6999.9,Built Up area: 7000 (650.32 sq.m.),9,9,0,1.0,East,Relatively new property,,7000.0,,0,0,0,0,0,1,0
3661,sector 26,house,luxury dlf city floors,20.0,48889.0,4090.9,Plot area 500(418.06 sq.m.),16,16,3+,4.0,Na,New Property,,500.0,,1,0,0,0,0,0,31
3664,sector 70,flat,unitech vistas,9.0,57507.0,1565.0,Built Up area: 1565 (145.39 sq.m.),3,3,0,7.0,Na,Undefined,,1565.0,,0,0,0,0,0,1,0
3666,sector 26,house,independent,16.0,35556.0,4499.94,Plot area 500(418.06 sq.m.),5,6,3,2.0,North-East,Old Property,,4500.0,,0,0,0,0,0,1,0
3671,gwal pahari,flat,paras quartier,7.5,14018.0,5350.0,Super Built up area 5350(497.03 sq.m.),4,4,3+,20.0,North-East,New Property,5350.0,,,1,0,1,1,0,0,49
3680,sector 62,flat,pioneer araya,9.14,19488.0,4690.0,Super Built up area 4690(435.72 sq.m.)Carpet area: 3258 sq.ft. (302.68 sq.m.),4,6,3,16.0,East,Relatively new property,4690.0,,3258.0,1,1,0,0,1,0,146
3692,sector 109,house,international city by sobha phase 2,9.5,26389.0,3599.98,Plot area 400(334.45 sq.m.),7,6,3,3.0,West,Relatively new property,,3600.0,,1,1,0,1,0,1,138
3697,sector 2,house,independent,5.7,22634.0,2518.34,Plot area 270(225.75 sq.m.),9,9,3+,3.0,North-East,Moderately New Property,,2430.0,,0,0,0,1,0,0,0
3698,sector 43,flat,dlf royalton tower,6.5,20687.0,3142.0,Super Built up area 2997(278.43 sq.m.),4,4,3+,9.0,Na,Moderately New Property,2997.0,,,1,0,0,0,0,1,7
3704,sector 33,house,unitech uniworld resorts,9.5,173992.0,546.0,Plot area 546(50.73 sq.m.),6,6,3+,3.0,North-East,Moderately New Property,,546.0,,0,0,0,0,0,0,40
3718,sector 109,house,international city by sobha phase 1,6.0,24691.0,2430.04,Plot area 270(225.75 sq.m.),4,5,3+,2.0,North,Relatively new property,,2430.0,,1,0,0,0,0,0,96
3720,sector 53,flat,vipul belmonte,6.0,24489.0,2450.0,Super Built up area 2450(227.61 sq.m.),3,4,3+,6.0,North-West,Moderately New Property,2450.0,,,1,0,1,0,0,0,26
3725,gwal pahari,flat,krrish provence estate,7.5,7500.0,10000.0,Super Built up area 10000(929.03 sq.m.),5,6,3+,23.0,North-East,Relatively new property,10000.0,,,1,0,1,1,0,1,49
3728,sector 26,house,independent,9.0,33333.0,2700.03,Plot area 300(250.84 sq.m.),5,5,2,3.0,South-West,Old Property,,2700.0,,1,1,0,1,1,2,110
3729,sector 50,house,unitech deerwood chase,8.45,235376.0,359.0,Plot area 359(33.35 sq.m.),3,3,2,2.0,North-East,Old Property,,359.0,,1,1,0,0,0,0,102
3732,sector 63,flat,dlf the arbour,7.9,20000.0,3950.0,Built Up area: 3950 (366.97 sq.m.)Carpet area: 2900 sq.ft. (269.42 sq.m.),4,4,3+,34.0,Na,Under Construction,,3950.0,2900.0,0,0,0,0,0,1,61
3737,sector 48,house,vipul tatvam villa,8.5,21250.0,4000.0,Plot area 4000(371.61 sq.m.),4,5,3+,2.0,North,Moderately New Property,,4000.0,,1,1,1,1,0,0,49
3770,sector 43,house,sushant lok 1 builder floors,6.25,30728.0,2033.98,Plot area 226(188.96 sq.m.),7,7,3+,3.0,North,Moderately New Property,,2034.0,,1,1,0,0,1,1,46
3776,sector 28,flat,sahara grace,5.5,14612.0,3764.0,Super Built up area 3764(349.69 sq.m.),4,5,3+,5.0,East,Moderately New Property,3764.0,,,1,0,1,0,0,0,8
3800,sector 65,flat,m3m golfestate,7.0,18181.0,3850.0,Carpet area: 3850 (357.68 sq.m.),3,3,2,12.0,North,Moderately New Property,,,3850.0,0,0,0,0,1,1,60
